IE_NAME;IE_ID;IE_ACTIVE;IP_PROP7;IP_PROP8;IP_PROP9;IP_PROP10;IP_PROP11;IP_PROP12;IP_PROP13;IP_PROP14;IP_PROP15;IC_GROUP0
011R153933;395;1;12005;1009480923.55;413307852.66;545698632.66;50474438.23;1009480923.55;413307852.66;545698632.66;50474438.23;2021
02БR153933;396;1;12005;127361650.80;66692147.34;54301367.34;6368136.12;127361650.80;66692147.34;54301367.34;6368136.12;2021
02БR254180;397;1;13001;185000000.00;185000000.00;0.00;0.00;185000000.00;185000000.00;0.00;0.00;2021
03БF101004;398;1;33002;96189349.31;0.00;0.00;0.00;103725378.55;0.00;0.00;0.00;2021
03БF150210;399;1;12003;877752653.57;816309043.78;55298462.46;6145147.33;880459681.99;818826500.00;55469000.00;6164181.99;2021
03БF15021F;400;1;12003;1062914985.72;988510718.75;66963760.28;7440506.69;1062942600.00;988536400.00;66965500.00;7440700.00;2021
03БR153938;401;1;12003;666666700.00;600000000.00;0.00;66666700.00;666666700.00;600000000.00;0.00;66666700.00;2021
08БG152420;402;1;12014;163373400.00;99509200.00;49012000.00;14852200.00;163374200.00;99509200.00;49012000.00;14853000.00;2021
154F101004;403;1;00000;64954266.09;0.00;0.00;0.00;64954266.10;0.00;0.00;0.00;2021
154F150210;404;1;12002;874877514.93;813635218.44;55117577.40;6124719.09;876108800.00;814748600.00;55193000.00;6167200.00;2021
154F15021F;405;1;12002;276520100.00;257163600.00;17420600.00;1935900.00;276520100.00;257163600.00;17420600.00;1935900.00;2021
18БP54810U;406;1;62906;688150000.00;0.00;0.00;0.00;688150000.00;0.00;0.00;0.00;2021
18БP548Г00;407;1;62605;260800.00;0.00;0.00;0.00;260800.00;0.00;0.00;0.00;2021
18БP550810;408;1;12011;12140000.00;5693660.00;2804340.00;3642000.00;12140000.00;5693660.00;2804340.00;3642000.00;2021
18БP5S810U;409;1;00000;76461200.00;0.00;0.00;0.00;76461200.00;0.00;0.00;0.00;2021
18БP5S8Г00;410;1;00000;111800.00;0.00;0.00;0.00;111800.00;0.00;0.00;0.00;2021
29БA154560;411;1;12012;131971600.00;116596900.00;8776100.00;6598600.00;131971600.00;116596900.00;8776100.00;6598600.00;2021
29БA155192;412;1;12009;54896910.00;35677500.00;17572500.00;1646910.00;54896910.00;35677500.00;17572500.00;1646910.00;2021
33БE101004;413;1;00000;84871714.16;0.00;0.00;0.00;84871714.16;0.00;0.00;0.00;2021
33БE153050;414;1;12002;191335200.00;109274500.00;82060700.00;0.00;191335200.00;109274500.00;82060700.00;0.00;2021
33БF101004;415;1;00000;9480417.59;0.00;0.00;0.00;16148300.00;0.00;0.00;0.00;2021
33БF150210;416;1;12002;460739786.72;428487987.65;29026599.17;3225199.90;460739800.00;428488000.00;29026600.00;3225200.00;2021
33БF15021F;417;1;12002;150000000.00;139500000.00;9450000.00;1050000.00;150000000.00;139500000.00;9450000.00;1050000.00;2021
34БF255550;418;1;12001;226608111.09;189670987.05;14276312.95;22660811.09;226923295.05;189670987.05;14276312.95;22975995.05;2021
02БR153933;420;0;12005;0.00;0.00;0.00;0.00;134737000.00;128000000.00;0.00;6737000.00;2022
02БR254180;421;1;13001;194148000.00;194148000.00;0.00;0.00;194148000.00;194148000.00;0.00;0.00;2022
03БF101004;422;0;33002;0;0;0;0;109530632.10;0.00;0.00;0.00;2022
03БF150210;423;1;12003;2192491457.20;2039016167.20;138127191.00;15348099.00;2192491600.00;2039016300.00;138127200.00;15348100.00;2022
03БF15021F;424;0;12003;0;0;0;0;0.00;0.00;0.00;0.00;2022
03БR153938;425;0;12003;0;0;0;0;0.00;0.00;0.00;0.00;2022
08БG152420;426;1;12014;282736630.00;179923284.69;77110015.31;25703330.00;286738300.00;179923300.00;77110000.00;29705000.00;2022
154F101004;427;0;00000;0;0;0;0;0.00;0.00;0.00;0.00;2022
154F150210;428;0;12002;0;0;0;0;274159101.56;256848101.56;17311000.00;0.00;2022
154F15021F;429;0;12002;0;0;0;0;0.00;0.00;0.00;0.00;2022
18БP54810U;430;1;62906;1579569000.00;0.00;0.00;0.00;1579569000.00;0.00;0.00;0.00;2022
18БP548Г00;431;1;62605;371700.00;0.00;0.00;0.00;371700.00;0.00;0.00;0.00;2022
18БP550810;432;1;12011;12627857.14;6187650.00;2651850.00;3788357.14;12627857.14;6187650.00;2651850.00;3788357.14;2022
18БP5S810U;433;1;00000;175507700.00;0.00;0.00;0.00;175507700.00;0.00;0.00;0.00;2022
18БP5S8Г00;434;1;00000;159300.00;0.00;0.00;0.00;159300.00;0.00;0.00;0.00;2022
29БA154560;435;0;12012;0;0;0;0;0.00;0.00;0.00;0.00;2022
29БA155192;436;0;12009;0;0;0;0;0.00;0.00;0.00;0.00;2022
33БE101004;437;0;00000;0;0;0;0;211115457.00;0.00;0.00;191475100.00;2022
33БE153050;438;1;12002;300749500.00;109274500.00;191475000.00;0.00;300749500.00;109274500.00;191475000.00;0.00;2022
33БF101004;439;0;00000;0;0;0;0;501900.00;0.00;0.00;0.00;2022
33БF150210;440;1;12002;294798000.00;274162000.00;18572300.00;2063700.00;294798000.00;274162000.00;18572300.00;2063700.00;2022
33БF15021F;441;0;12002;0;0;0;0;0.00;0.00;0.00;0.00;2022
34БF255550;442;1;12001;273277111.11;228732929.90;17216470.10;27327711.11;273405244.83;228732929.90;17216470.10;27455844.83;2022
011R143933;784;1;62635;874525948.85;0.00;0.00;0.00;874525948.85;0.00;0.00;0.00;2022
011R1S3933;785;1;33015;46027963.55;0.00;0.00;0.00;46027963.55;0.00;0.00;0.00;2022
03БF180210;786;1;33002;101119890.13;0.00;0.00;0.00;121235614.31;0.00;0.00;0.00;2022
154P252320;787;1;12002;103823500.00;96555800.00;7267700.00;0.00;103823500.00;96555800.00;7267700.00;0.00;2022
154P282320;788;1;00000;3201703.83;0.00;0.00;0.00;5336180.00;0.00;0.00;0.00;2022
29БA155194;789;1;12015;23481250.00;13149500.01;5635499.99;4696250.00;23481250.00;13149500.00;5635500.00;4696250.00;2022
29БA155900;790;1;12017;50994625.00;37939999.33;2855699.95;10198925.72;50994625.00;37940000.00;2855700.00;10198925.00;2022
33БE155200;791;1;12002;0.00;0.00;0.00;0.00;0.00;0.00;0.00;0.00;2022
33БE183050;792;1;00000;8212278.64;0.00;0.00;0.00;8212278.64;0.00;0.00;0.00;2022
33БE185200;793;1;00000;160384164.79;0.00;0.00;0.00;160384164.79;0.00;0.00;0.00;2022
33БF180210;794;1;00000;23698842.58;0.00;0.00;0.00;23698842.58;0.00;0.00;0.00;2022
02БR143933;954;1;62635;125474051.15;0.00;0.00;0.00;125474051.15;0.00;0.00;0.00;2022
02БR1S3933;955;1;33015;6604036.45;0.00;0.00;0.00;6604036.45;0.00;0.00;0.00;2022
03БR153895;1172;1;12003;555555600.00;500000000.00;0.00;55555600.00;555555600.00;500000000.00;0.00;55555600.00;2022
02БR254180;1843;1;12019;0.00;0.00;0.00;0.00;0.00;0.00;0.00;0.00;2022
33БE145Г20;1974;1;62902;0.00;0.00;0.00;0.00;6277100.00;0.00;0.00;0.00;2022
33БE15305F;1975;1;12002;232446063.20;216174785.21;16271277.99;0.00;243019200.00;226007800.00;17011400.00;0.00;2022
33БE1S5Г20;1976;1;00000;207746377.99;0.00;0.00;0.00;210851634.59;0.00;0.00;0.00;2022
08БG252690;2082;1;12020;52599000.00;45492875.10;3424194.90;3681930.00;52600000.00;45493700.00;3424300.00;3682000.00;2022
152EВ5179F;2413;1;13006;17362222.51;16146857.70;1215364.81;0.00;17362222.51;16146857.70;1215364.81;0.00;2022
29БEВ5179F;2414;1;13006;108513.89;100917.86;7596.03;0.00;108513.89;100917.86;7596.03;0.00;2022
011R153933;443;0;12005;0;0;0;0;885843000.00;840000000.00;0.00;45843000.00;2023
02БR153933;444;0;12005;0;0;0;0;134737000.00;128000000.00;0.00;6737000.00;2023
02БR254180;445;1;13001;0.00;0.00;0.00;0.00;95327900.00;95327900.00;0.00;0.00;2023
03БF101004;446;0;33002;0;0;0;0;98734924.61;0.00;0.00;0.00;2023
03БF150210;447;1;12003;590456431.46;549124202.18;37198576.57;4133652.71;973494200.00;905349300.00;61329800.00;6815100.00;2023
03БF15021F;448;0;12003;0;0;0;0;0.00;0.00;0.00;0.00;2023
03БR153938;449;0;12003;0;0;0;0;0.00;0.00;0.00;0.00;2023
08БG152420;450;1;12014;5288997.00;3365724.56;1442454.08;480818.36;75107150.00;34158000.00;14639150.00;26310000.00;2023
154F101004;451;0;00000;0;0;0;0;0.00;0.00;0.00;0.00;2023
154F150210;452;0;12002;0;0;0;0;0.00;0.00;0.00;0.00;2023
154F15021F;453;0;12002;0;0;0;0;0.00;0.00;0.00;0.00;2023
18БP54810U;454;0;62906;0.00;0.00;0.00;0.00;383411000.00;0.00;0.00;0.00;2023
18БP548Г00;455;1;62605;210000.00;0.00;0.00;0.00;367200.00;0.00;0.00;0.00;2023
18БP550810;456;1;12011;9049664.40;5891335.71;443433.87;2714894.82;13506714.28;8792871.01;661828.99;4052014.28;2023
18БP5S810U;457;0;00000;0.00;0.00;0.00;0.00;89942000.00;0.00;0.00;0.00;2023
18БP5S8Г00;458;1;00000;90000.00;0.00;0.00;0.00;157500.00;0.00;0.00;0.00;2023
29БA154560;459;0;12012;0;0;0;0;0.00;0.00;0.00;0.00;2023
29БA155192;460;0;12009;0;0;0;0;0.00;0.00;0.00;0.00;2023
33БE101004;461;0;00000;0;0;0;0;0.00;0.00;0.00;0.00;2023
33БE153050;462;0;12002;0;0;0;0;0.00;0.00;0.00;0.00;2023
33БF101004;463;0;00000;0;0;0;0;0.00;0.00;0.00;0.00;2023
33БF150210;464;0;12002;0;0;0;0;0.00;0.00;0.00;0.00;2023
33БF15021F;465;0;12002;0;0;0;0;0.00;0.00;0.00;0.00;2023
34БF255550;466;1;12001;199668855.56;167122829.65;12579139.75;19966886.16;323343622.22;270637998.29;20370601.71;32335022.22;2023
011R143933;795;1;62635;698261469.43;0.00;0.00;0.00;872000046.69;0.00;0.00;0.00;2023
011R1S3933;796;1;33015;36750814.36;0.00;0.00;0.00;45895002.48;0.00;0.00;0.00;2023
03БF180210;797;1;33002;63266452.12;0.00;0.00;0.00;107815070.27;0.00;0.00;0.00;2023
154P252320;798;0;12002;0;0;0;0;170062200.00;158157800.00;11904400.00;0.00;2023
154P282320;799;0;00000;0;0;0;0;8074600.00;0.00;0.00;0.00;2023
29БA155194;800;0;12015;0;0;0;0;0.00;0.00;0.00;0.00;2023
29БA155900;801;0;12017;0;0;0;0;0.00;0.00;0.00;0.00;2023
33БE155200;802;1;12002;294926300.00;206448400.00;88477900.00;0.00;294926300.00;206448400.00;88477900.00;0.00;2023
33БE183050;803;0;00000;0;0;0;0;0.00;0.00;0.00;0.00;2023
33БE185200;804;1;00000;482631.89;0.00;0.00;0.00;10793684.51;0.00;0.00;0.00;2023
33БF180210;805;0;00000;3173050.48;0.00;0.00;0.00;8725888.82;0.00;0.00;0.00;2023
02БR143933;956;1;62635;80557627.87;0.00;0.00;0.00;127999953.31;0.00;0.00;0.00;2023
02БR1S3933;957;1;33015;6296217.07;0.00;0.00;0.00;6736997.52;0.00;0.00;0.00;2023
03БR153895;1173;0;12003;0.00;0.00;0.00;0.00;122627000.00;0.00;110364000.00;12263000.00;2023
02БR254180;1844;1;12019;0.00;0.00;0.00;0.00;0.00;0.00;0.00;0.00;2023
33БE145Г20;1977;0;62902;0;0;0;0;0.00;0.00;0.00;0.00;2023
33БE15305F;1978;0;12002;0;0;0;0;0.00;0.00;0.00;0.00;2023
33БE1S5Г20;1979;0;00000;0;0;0;0;0.00;0.00;0.00;0.00;2023
08БG252690;2083;0;12020;0;0;0;0;0.00;0.00;0.00;0.00;2023
152EВ5179F;2415;0;13006;0;0;0;0;0.00;0.00;0.00;0.00;2023
29БEВ5179F;2416;0;13006;0;0;0;0;0.00;0.00;0.00;0.00;2023
152P252320;2430;1;12002;99111958.87;92174094.95;6937863.92;0.00;170062200.00;158157800.00;11904400.00;0.00;2023
152P282320;2431;1;00000;2134469.21;0.00;0.00;0.00;17940600.00;0.00;0.00;0.00;2023
29БA246Г30;2599;1;63507;500000.00;0.00;0.00;0.00;500000.00;0.00;0.00;0.00;2023
151EВ51790;2671;1;13006;38924613.20;36199884.32;2724728.88;0.00;54951753.23;51105122.31;3846630.92;0.00;2023
29БEВ51790;2672;1;13006;243277.63;226248.17;17029.46;0.00;343446.77;319405.44;24041.33;0.00;2023
33БE145Г00;2673;1;62902;120077500.00;0.00;0.00;0.00;120077500.00;0.00;0.00;0.00;2023
33БE1S5Г00;2829;1;00000;91332021.85;0.00;0.00;0.00;91336400.00;0.00;0.00;0.00;2023
262J153330;3233;1;12020;78598756.23;72773095.71;5477544.71;348115.81;237072473.12;219500900.00;16521573.12;1050000.00;2023
03БF15021К;3568;1;62712;25510029.64;0.00;0.00;0.00;47402300.00;0.00;0.00;0.00;2023
03БF1S021К;3569;1;33002;2834482.46;0.00;0.00;0.00;5267000.00;0.00;0.00;0.00;2023
03БF1М0210;3570;1;62712;376575359.51;0.00;0.00;0.00;699746900.00;0.00;0.00;0.00;2023
33БE15520К;3571;1;62902;87785503.83;0.00;0.00;0.00;138433700.00;0.00;0.00;0.00;2023
33БE1М5200;3572;1;62902;204832800.00;0.00;0.00;0.00;323011900.00;0.00;0.00;0.00;2023
02БR153933;584;0;12005;0;0;0;0;134737000.00;128000000.00;0.00;6737000.00;2024
02БR254180;585;1;13001;0;0;0;0;0.00;0.00;0.00;0.00;2024
03БF150210;586;1;12003;0;0;0;0;1557249600.00;1448242000.00;98106700.00;10900900.00;2024
08БG152420;587;1;12014;0;0;0;0;26310000.00;0.00;0.00;26310000.00;2024
18БP54810U;588;1;62906;0;0;0;0;0.00;0.00;0.00;0.00;2024
18БP548Г00;589;1;62605;0;0;0;0;0.00;0.00;0.00;0.00;2024
18БP550810;590;1;12011;0;0;0;0;3090000.00;0.00;0.00;3090000.00;2024
18БP5S810U;591;1;00000;0;0;0;0;0.00;0.00;0.00;0.00;2024
18БP5S8Г00;592;1;00000;0;0;0;0;158000.00;0.00;0.00;0.00;2024
33БE153050;593;1;12002;0;0;0;0;0.00;0.00;0.00;0.00;2024
33БF150210;594;1;12002;0;0;0;0;0.00;0.00;0.00;0.00;2024
34БF255550;595;1;12001;0;0;0;0;78256000.00;0.00;0.00;78256000.00;2024
011R143933;806;1;62635;0;0;0;0;872000000.00;0.00;0.00;0.00;2024
011R1S3933;807;1;33015;0;0;0;0;45895000.00;0.00;0.00;0.00;2024
03БF180210;808;1;33002;0;0;0;0;130951386.01;0.00;0.00;0.00;2024
154P252320;809;1;12002;0;0;0;0;0.00;0.00;0.00;0.00;2024
154P282320;810;1;00000;0;0;0;0;0.00;0.00;0.00;0.00;2024
29БA155194;811;1;12015;0;0;0;0;0.00;0.00;0.00;0.00;2024
29БA155900;812;1;12017;0;0;0;0;0.00;0.00;0.00;0.00;2024
33БE155200;813;1;12002;0;0;0;0;461445600.00;323011900.00;138433700.00;0.00;2024
33БE183050;814;1;00000;0;0;0;0;0.00;0.00;0.00;0.00;2024
33БE185200;815;1;00000;0;0;0;0;0.00;0.00;0.00;0.00;2024
33БF180210;816;0;00000;0;0;0;0;113810753.56;0.00;0.00;0.00;2024
02БR143933;958;1;62635;0;0;0;0;128000000.00;0.00;0.00;0.00;2024
02БR1S3933;959;1;33015;0;0;0;0;6737000.00;0.00;0.00;0.00;2024
03БR153895;1174;1;12003;0;0;0;0;0.00;0.00;0.00;0.00;2024
02БR254180;1845;1;12019;0;0;0;0;88234300.00;85587300.00;0.00;2647000.00;2024
33БE145Г20;1980;1;62902;0;0;0;0;0.00;0.00;0.00;0.00;2024
33БE15305F;1981;1;12002;0;0;0;0;0.00;0.00;0.00;0.00;2024
33БE1S5Г20;1982;1;00000;0;0;0;0;0.00;0.00;0.00;0.00;2024
08БG252690;2084;1;12020;0;0;0;0;0.00;0.00;0.00;0.00;2024
152EВ5179F;2417;1;13006;0;0;0;0;0.00;0.00;0.00;0.00;2024
29БEВ5179F;2418;1;13006;0;0;0;0;0.00;0.00;0.00;0.00;2024
152P252320;2432;1;12002;0;0;0;0;0.00;0.00;0.00;0.00;2024
152P282320;2433;1;00000;0;0;0;0;0.00;0.00;0.00;0.00;2024
29БA246Г30;2601;1;63507;0;0;0;0;0.00;0.00;0.00;0.00;2024
29БA246Г30;2602;1;63507;0;0;0;0;0.00;0.00;0.00;0.00;2024
151EВ51790;2674;1;13006;0;0;0;0;0.00;0.00;0.00;0.00;2024
29БEВ51790;2675;1;13006;0;0;0;0;0.00;0.00;0.00;0.00;2024
33БE145Г00;2676;1;62902;0;0;0;0;0.00;0.00;0.00;0.00;2024
33БE1S5Г00;2830;1;00000;0;0;0;0;63557700.00;0.00;0.00;0.00;2024
262J153330;3235;1;12020;0;0;0;0;0.00;0.00;0.00;0.00;2024
262J153330;3236;1;12020;0;0;0;0;0.00;0.00;0.00;0.00;2024
03БF15021К;3573;1;62712;0;0;0;0;0.00;0.00;0.00;0.00;2024
03БF1S021К;3574;1;33002;0;0;0;0;0.00;0.00;0.00;0.00;2024
03БF1М0210;3575;1;62712;0;0;0;0;0.00;0.00;0.00;0.00;2024
33БE15520К;3576;1;62902;0;0;0;0;0.00;0.00;0.00;0.00;2024
33БE1М5200;3577;1;62902;0;0;0;0;0.00;0.00;0.00;0.00;2024
011R153933;560;1;12005;920318824.31;874302483.7;;46016340.61;920319824.31;874302483.7;;46017340.61;2020
011R158563;561;1;12013;205478211.56;195204300;;10273911.56;205478300;195204300;;10274000;2020
02БR153933;562;1;12005;132313175.69;125697516.3;;6615659.39;132313175.69;125697516.3;;6615659.39;2020
02БR243310;563;1;62400;5087751;0;0;0;5087751;0;0;;2020
02БR254180;564;1;13001;250000000;250000000;0;0;250000000;250000000;0;;2020
02БR2S3310;565;1;00000;5087751.00;0;0;0;150000000.00;0;0;0;2020
03БF150210;566;1;12003;932703601.78;867412487.46;58762127.51;6528986.81;934391608.97;868982334.06;58868472.04;6540802.87;2020
154F150210;567;1;12002;288403060.91;268214626.46;18169591.78;2018842.67;294925068.43;274280093.44;18580478.28;2064496.71;2020
154F15021F;568;1;12015;48255887.09;44877974.99;3040120.89;337791.21;50000000.00;46500000.00;3150000.00;350000.00;2020
154P245Б00;570;1;60000;50783824.65;;;;54734406.23;;;;2020
154P252320;571;1;12002;314277000.00;292277700.00;21999300.00;0;314277000.00;292277700.00;21999300.00;;2020
154P2S5Б00;572;1;00000;65383718.44;0;0;0;69334222.02;0;0;;2020
18БP548100;573;1;62629;2658697.57;0;0;0;2811600.00;0;0;0;2020
18БP548Г00;574;1;62605;424200;0;0;0;424200;0;0;0;2020
18БP550810;575;1;12011;10385428.57;5088860;2180940;3115628.57;10385428.57;5088860;2180940;3115628.57;2020
18БP5S8100;576;1;52000;2658697.57;0;0;0;2811000.00;0;0;0;2020
18БP5S8Г00;577;1;00000;181800.00;0;0;0;181800.00;0;0;0;2020
29БA154560;578;1;12012;166557300.00;147522200.00;11103800.00;7931300.00;166557300.00;147522200.00;11103800.00;7931300.00;2020
29БA246Г30;579;1;63507;250000;0;0;0;250000;0;0;0;2020
33БF150210;580;1;12002;728678828.07;677646972.50;45928671.12;5103184.45;728678828.07;677646972.50;45928671.12;5103184.45;2020
33БF15021F;581;1;12015;100000000.00;93000000.00;6300000.00;700000.00;100000000.00;93000000.00;6300000.00;700000.00;2020
34БF255550;582;1;12001;379750555.56;317851208.76;23924291.24;37975055.56;381428227.62;317851208.76;23924291.24;39652727.62;2020
011R143933;2434;1;62635;0;0;0;0;872000000.00;0.00;0.00;0.00;2025
011R1S3933;2435;1;33015;0;0;0;0;45895000.00;0.00;0.00;0.00;2025
02БR143933;2436;1;62635;0;0;0;0;128000000.00;0.00;0.00;0.00;2025
02БR1S3933;2437;1;33015;0;0;0;0;6737000.00;0.00;0.00;0.00;2025
02БR254180;2438;1;12019;0;0;0;0;77669200.00;75339100.00;0.00;2330100.00;2025
02БR254180;2439;1;13001;0;0;0;0;0.00;0.00;0.00;0.00;2025
03БF150210;2440;1;12003;0;0;0;0;0.00;0.00;0.00;0.00;2025
03БF180210;2441;1;33002;0;0;0;0;114432657.60;0.00;0.00;0.00;2025
03БR153895;2442;1;12003;0;0;0;0;0.00;0.00;0.00;0.00;2025
08БG152420;2443;1;12014;0;0;0;0;26310000.00;0.00;0.00;26310000.00;2025
152P252320;2444;1;12002;0;0;0;0;0.00;0.00;0.00;0.00;2025
152P282320;2445;1;00000;0;0;0;0;0.00;0.00;0.00;0.00;2025
18БP54810U;2446;1;62906;0;0;0;0;0.00;0.00;0.00;0.00;2025
18БP548Г00;2447;1;62605;0;0;0;0;0.00;0.00;0.00;0.00;2025
18БP550810;2448;1;12011;0;0;0;0;3090000.00;0.00;0.00;3090000.00;2025
18БP5S810U;2449;1;00000;0;0;0;0;0.00;0.00;0.00;0.00;2025
18БP5S8Г00;2450;1;00000;0;0;0;0;158000.00;0.00;0.00;0.00;2025
33БE155200;2451;1;12002;0;0;0;0;0.00;0.00;0.00;0.00;2025
33БE185200;2452;1;00000;0;0;0;0;0.00;0.00;0.00;0.00;2025
33БF180210;2453;1;00000;0;0;0;0;0.00;0.00;0.00;0.00;2025
34БF255550;2454;1;12001;0;0;0;0;11161000.00;0.00;0.00;11161000.00;2025
29БA246Г30;2603;1;63507;0;0;0;0;0.00;0.00;0.00;0.00;2025
29БA246Г30;2604;1;63507;0;0;0;0;0.00;0.00;0.00;0.00;2025
151EВ51790;2677;1;13006;0;0;0;0;0.00;0.00;0.00;0.00;2025
29БEВ51790;2678;1;13006;0;0;0;0;0.00;0.00;0.00;0.00;2025
33БE145Г00;2679;1;62902;0;0;0;0;0.00;0.00;0.00;0.00;2025
33БE1S5Г00;2831;1;00000;0;0;0;0;0.00;0.00;0.00;0.00;2025
262J153330;3237;1;12020;0;0;0;0;0.00;0.00;0.00;0.00;2025
262J153330;3238;1;12020;0;0;0;0;0.00;0.00;0.00;0.00;2025
03БF15021К;3578;1;62712;0;0;0;0;0.00;0.00;0.00;0.00;2025
03БF1S021К;3579;1;33002;0;0;0;0;0.00;0.00;0.00;0.00;2025
03БF1М0210;3580;1;62712;0;0;0;0;0.00;0.00;0.00;0.00;2025
33БE15520К;3581;1;62902;0;0;0;0;0.00;0.00;0.00;0.00;2025
33БE1М5200;3582;1;62902;0;0;0;0;0.00;0.00;0.00;0.00;2025
